{"cameraMode":{"drawMode":0,"name":"Shaded","section":"Shading Mode"},"sceneLighting":true,"audioPlay":false,"sceneViewState":{"m_AlwaysRefresh":false,"showFog":true,"showSkybox":true,"showFlares":true,"showImageEffects":true,"showParticleSystems":true,"showVisualEffectGraphs":true,"m_FxEnabled":true},"in2DMode":false,"pivot":{"x":0.3795834183692932,"y":2.0009098052978517,"z":2.210353374481201},"rotation":{"x":0.0006425945903174579,"y":-0.994297981262207,"z":0.10629510134458542,"w":0.005975679494440556},"size":3.6223273277282717,"orthographic":true}