{"cameraMode":{"drawMode":0,"name":"Shaded","section":"Shading Mode"},"sceneLighting":true,"audioPlay":false,"sceneViewState":{"m_AlwaysRefresh":false,"showFog":true,"showSkybox":true,"showFlares":true,"showImageEffects":true,"showParticleSystems":true,"showVisualEffectGraphs":true,"m_FxEnabled":true},"in2DMode":false,"pivot":{"x":2.6951045989990236,"y":0.4381140470504761,"z":-4.172714710235596},"rotation":{"x":-0.037473954260349277,"y":-0.02997428923845291,"z":-0.0011246170615777374,"w":0.9988399744033814},"size":11.035076141357422,"orthographic":true}