{"cameraMode":{"drawMode":0,"name":"Shaded","section":"Shading Mode"},"sceneLighting":false,"audioPlay":false,"sceneViewState":{"m_AlwaysRefresh":false,"showFog":true,"showSkybox":false,"showFlares":true,"showImageEffects":true,"showParticleSystems":true,"showVisualEffectGraphs":true,"m_FxEnabled":true},"in2DMode":false,"pivot":{"x":0.009074211120605469,"y":1.4110839366912842,"z":-2.2852466106414797},"rotation":{"x":0.0645427480340004,"y":0.8935824632644653,"z":-0.1364229917526245,"w":0.42275696992874148},"size":2.474846124649048,"orthographic":false}